<?xml version="1.0" encoding="UTF-8"?>
<GenRun Id="impl_1" LaunchPart="xc7a100tcsg324-1" LaunchTime="1651857424">
  <File Type="WBT-USG" Name="usage_statistics_webtalk.html"/>
  <File Type="BG-DRC" Name="top.drc"/>
  <File Type="BG-BGN" Name="top.bgn"/>
  <File Type="BITSTR-SYSDEF" Name="top.sysdef"/>
  <File Type="BITSTR-LTX" Name="debug_nets.ltx"/>
  <File Type="BITSTR-LTX" Name="top.ltx"/>
  <File Type="BITSTR-MMI" Name="top.mmi"/>
  <File Type="BITSTR-BMM" Name="top_bd.bmm"/>
  <File Type="BITSTR-NKY" Name="top.nky"/>
  <File Type="BITSTR-RBT" Name="top.rbt"/>
  <File Type="BITSTR-MSK" Name="top.msk"/>
  <File Type="BG-BIN" Name="top.bin"/>
  <File Type="BG-BIT" Name="top.bit"/>
  <File Type="POSTROUTE-PHYSOPT-BUS-SKEW-RPX" Name="top_bus_skew_postroute_physopted.rpx"/>
  <File Type="POSTROUTE-PHYSOPT-BUS-SKEW-PB" Name="top_bus_skew_postroute_physopted.pb"/>
  <File Type="POSTROUTE-PHYSOPT-BUS-SKEW" Name="top_bus_skew_postroute_physopted.rpt"/>
  <File Type="RDI-RDI" Name="top.vdi"/>
  <File Type="POSTROUTE-PHYSOPT-TIMING-RPX" Name="top_timing_summary_postroute_physopted.rpx"/>
  <File Type="POSTROUTE-PHYSOPT-TIMING-PB" Name="top_timing_summary_postroute_physopted.pb"/>
  <File Type="POSTROUTE-PHYSOPT-TIMING" Name="top_timing_summary_postroute_physopted.rpt"/>
  <File Type="POSTROUTE-PHYSOPT-BLACKBOX-DCP" Name="top_postroute_physopt_bb.dcp"/>
  <File Type="POSTROUTE-PHYSOPT-DCP" Name="top_postroute_physopt.dcp"/>
  <File Type="ROUTE-BUS-SKEW" Name="top_bus_skew_routed.rpt"/>
  <File Type="ROUTE-CLK" Name="top_clock_utilization_routed.rpt"/>
  <File Type="ROUTE-SIMILARITY" Name="top_incremental_reuse_routed.rpt"/>
  <File Type="ROUTE-TIMING-RPX" Name="top_timing_summary_routed.rpx"/>
  <File Type="ROUTE-TIMING-PB" Name="top_timing_summary_routed.pb"/>
  <File Type="ROUTE-TIMINGSUMMARY" Name="top_timing_summary_routed.rpt"/>
  <File Type="ROUTE-STATUS-PB" Name="top_route_status.pb"/>
  <File Type="ROUTE-STATUS" Name="top_route_status.rpt"/>
  <File Type="ROUTE-PWR-RPX" Name="top_power_routed.rpx"/>
  <File Type="ROUTE-PWR-SUM" Name="top_power_summary_routed.pb"/>
  <File Type="ROUTE-PWR" Name="top_power_routed.rpt"/>
  <File Type="ROUTE-METHODOLOGY-DRC-PB" Name="top_methodology_drc_routed.pb"/>
  <File Type="ROUTE-METHODOLOGY-DRC-RPX" Name="top_methodology_drc_routed.rpx"/>
  <File Type="ROUTE-METHODOLOGY-DRC" Name="top_methodology_drc_routed.rpt"/>
  <File Type="ROUTE-DRC-RPX" Name="top_drc_routed.rpx"/>
  <File Type="ROUTE-DRC-PB" Name="top_drc_routed.pb"/>
  <File Type="ROUTE-DRC" Name="top_drc_routed.rpt"/>
  <File Type="ROUTE-BLACKBOX-DCP" Name="top_routed_bb.dcp"/>
  <File Type="ROUTE-DCP" Name="top_routed.dcp"/>
  <File Type="ROUTE-ERROR-DCP" Name="top_routed_error.dcp"/>
  <File Type="PHYSOPT-TIMING" Name="top_timing_summary_physopted.rpt"/>
  <File Type="PHYSOPT-DRC" Name="top_drc_physopted.rpt"/>
  <File Type="PHYSOPT-DCP" Name="top_physopt.dcp"/>
  <File Type="POSTPLACE-PWROPT-TIMING" Name="top_timing_summary_postplace_pwropted.rpt"/>
  <File Type="POSTPLACE-PWROPT-DCP" Name="top_postplace_pwropt.dcp"/>
  <File Type="PLACE-TIMING" Name="top_timing_summary_placed.rpt"/>
  <File Type="PLACE-PRE-SIMILARITY" Name="top_incremental_reuse_pre_placed.rpt"/>
  <File Type="PLACE-SIMILARITY" Name="top_incremental_reuse_placed.rpt"/>
  <File Type="PLACE-CTRL" Name="top_control_sets_placed.rpt"/>
  <File Type="PLACE-UTIL-PB" Name="top_utilization_placed.pb"/>
  <File Type="PLACE-UTIL" Name="top_utilization_placed.rpt"/>
  <File Type="PLACE-CLK" Name="top_clock_utilization_placed.rpt"/>
  <File Type="PLACE-IO" Name="top_io_placed.rpt"/>
  <File Type="PLACE-DCP" Name="top_placed.dcp"/>
  <File Type="PWROPT-TIMING" Name="top_timing_summary_pwropted.rpt"/>
  <File Type="PWROPT-DRC" Name="top_drc_pwropted.rpt"/>
  <File Type="PWROPT-DCP" Name="top_pwropt.dcp"/>
  <File Type="OPT-TIMING" Name="top_timing_summary_opted.rpt"/>
  <File Type="OPT-HWDEF" Name="top.hwdef"/>
  <File Type="OPT-METHODOLOGY-DRC" Name="top_methodology_drc_opted.rpt"/>
  <File Type="OPT-DRC" Name="top_drc_opted.rpt"/>
  <File Type="OPT-DCP" Name="top_opt.dcp"/>
  <File Type="INIT-TIMING" Name="top_timing_summary_init.rpt"/>
  <File Type="ROUTE-BUS-SKEW-RPX" Name="top_bus_skew_routed.rpx"/>
  <File Type="REPORTS-TCL" Name="top_reports.tcl"/>
  <File Type="ROUTE-BUS-SKEW-PB" Name="top_bus_skew_routed.pb"/>
  <File Type="PA-TCL" Name="top.tcl"/>
  <FileSet Name="sources" Type="DesignSrcs" RelSrcDir="$PSRCDIR/sources_1">
    <Filter Type="Srcs"/>
    <File Path="$PSRCDIR/sources_1/imports/ubuntu/new_lab/lab5_1/lab5_1.srcs/sources_1/new/EX_MEM.v">
      <FileInfo>
        <Attr Name="ImportPath" Val="$PPRDIR/../lab5_1/lab5_1.srcs/sources_1/new/EX_MEM.v"/>
        <Attr Name="ImportTime" Val="1622625107"/>
        <Attr Name="UsedIn" Val="synthesis"/>
        <Attr Name="UsedIn" Val="implementation"/>
        <Attr Name="UsedIn" Val="simulation"/>
      </FileInfo>
    </File>
    <File Path="$PSRCDIR/sources_1/imports/ubuntu/new_lab/lab5_1/lab5_1.srcs/sources_1/new/ID_EX.v">
      <FileInfo>
        <Attr Name="ImportPath" Val="$PPRDIR/../lab5_1/lab5_1.srcs/sources_1/new/ID_EX.v"/>
        <Attr Name="ImportTime" Val="1622623019"/>
        <Attr Name="UsedIn" Val="synthesis"/>
        <Attr Name="UsedIn" Val="implementation"/>
        <Attr Name="UsedIn" Val="simulation"/>
      </FileInfo>
    </File>
    <File Path="$PSRCDIR/sources_1/imports/ubuntu/new_lab/lab5_1/lab5_1.srcs/sources_1/new/IF_ID.v">
      <FileInfo>
        <Attr Name="ImportPath" Val="$PPRDIR/../lab5_1/lab5_1.srcs/sources_1/new/IF_ID.v"/>
        <Attr Name="ImportTime" Val="1622634144"/>
        <Attr Name="UsedIn" Val="synthesis"/>
        <Attr Name="UsedIn" Val="implementation"/>
        <Attr Name="UsedIn" Val="simulation"/>
      </FileInfo>
    </File>
    <File Path="$PSRCDIR/sources_1/imports/ubuntu/new_lab/lab5_1/lab5_1.srcs/sources_1/new/MEM_WB.v">
      <FileInfo>
        <Attr Name="ImportPath" Val="$PPRDIR/../lab5_1/lab5_1.srcs/sources_1/new/MEM_WB.v"/>
        <Attr Name="ImportTime" Val="1622625283"/>
        <Attr Name="UsedIn" Val="synthesis"/>
        <Attr Name="UsedIn" Val="implementation"/>
        <Attr Name="UsedIn" Val="simulation"/>
      </FileInfo>
    </File>
    <File Path="$PSRCDIR/sources_1/imports/ubuntu/new_lab/lab5_1/lab5_1.srcs/sources_1/new/add.v">
      <FileInfo>
        <Attr Name="ImportPath" Val="$PPRDIR/../lab5_1/lab5_1.srcs/sources_1/new/add.v"/>
        <Attr Name="ImportTime" Val="1623045285"/>
        <Attr Name="UsedIn" Val="synthesis"/>
        <Attr Name="UsedIn" Val="implementation"/>
        <Attr Name="UsedIn" Val="simulation"/>
      </FileInfo>
    </File>
    <File Path="$PSRCDIR/sources_1/imports/ubuntu/new_lab/lab5_1/lab5_1.srcs/sources_1/new/alu.v">
      <FileInfo>
        <Attr Name="ImportPath" Val="$PPRDIR/../lab5_1/lab5_1.srcs/sources_1/new/alu.v"/>
        <Attr Name="ImportTime" Val="1651761602"/>
        <Attr Name="UsedIn" Val="synthesis"/>
        <Attr Name="UsedIn" Val="implementation"/>
        <Attr Name="UsedIn" Val="simulation"/>
      </FileInfo>
    </File>
    <File Path="$PSRCDIR/sources_1/imports/ubuntu/new_lab/lab5_1/lab5_1.srcs/sources_1/new/control.v">
      <FileInfo>
        <Attr Name="ImportPath" Val="$PPRDIR/../lab5_1/lab5_1.srcs/sources_1/new/control.v"/>
        <Attr Name="ImportTime" Val="1622634296"/>
        <Attr Name="UsedIn" Val="synthesis"/>
        <Attr Name="UsedIn" Val="implementation"/>
        <Attr Name="UsedIn" Val="simulation"/>
      </FileInfo>
    </File>
    <File Path="$PSRCDIR/sources_1/imports/ubuntu/new_lab/lab5_1/lab5_1.srcs/sources_1/new/cpu.v">
      <FileInfo>
        <Attr Name="ImportPath" Val="$PPRDIR/../lab5_1/lab5_1.srcs/sources_1/new/cpu.v"/>
        <Attr Name="ImportTime" Val="1651764733"/>
        <Attr Name="UsedIn" Val="synthesis"/>
        <Attr Name="UsedIn" Val="implementation"/>
        <Attr Name="UsedIn" Val="simulation"/>
      </FileInfo>
    </File>
    <File Path="$PSRCDIR/sources_1/imports/ubuntu/new_lab/lab5_1/lab5_1.srcs/sources_1/new/forwarding.v">
      <FileInfo>
        <Attr Name="ImportPath" Val="$PPRDIR/../lab5_1/lab5_1.srcs/sources_1/new/forwarding.v"/>
        <Attr Name="ImportTime" Val="1622644916"/>
        <Attr Name="UsedIn" Val="synthesis"/>
        <Attr Name="UsedIn" Val="implementation"/>
        <Attr Name="UsedIn" Val="simulation"/>
      </FileInfo>
    </File>
    <File Path="$PSRCDIR/sources_1/imports/ubuntu/new_lab/lab5_1/lab5_1.srcs/sources_1/new/hazard.v">
      <FileInfo>
        <Attr Name="ImportPath" Val="$PPRDIR/../lab5_1/lab5_1.srcs/sources_1/new/hazard.v"/>
        <Attr Name="ImportTime" Val="1622565268"/>
        <Attr Name="UsedIn" Val="synthesis"/>
        <Attr Name="UsedIn" Val="implementation"/>
        <Attr Name="UsedIn" Val="simulation"/>
      </FileInfo>
    </File>
    <File Path="$PSRCDIR/sources_1/imports/ubuntu/new_lab/lab5_1/lab5_1.srcs/sources_1/new/imm_gen.v">
      <FileInfo>
        <Attr Name="ImportPath" Val="$PPRDIR/../lab5_1/lab5_1.srcs/sources_1/new/imm_gen.v"/>
        <Attr Name="ImportTime" Val="1622621509"/>
        <Attr Name="UsedIn" Val="synthesis"/>
        <Attr Name="UsedIn" Val="implementation"/>
        <Attr Name="UsedIn" Val="simulation"/>
      </FileInfo>
    </File>
    <File Path="$PSRCDIR/sources_1/imports/ubuntu/new_lab/lab5_1/lab5_1.srcs/sources_1/new/mux2.v">
      <FileInfo>
        <Attr Name="ImportPath" Val="$PPRDIR/../lab5_1/lab5_1.srcs/sources_1/new/mux2.v"/>
        <Attr Name="ImportTime" Val="1622559897"/>
        <Attr Name="UsedIn" Val="synthesis"/>
        <Attr Name="UsedIn" Val="implementation"/>
        <Attr Name="UsedIn" Val="simulation"/>
      </FileInfo>
    </File>
    <File Path="$PSRCDIR/sources_1/imports/ubuntu/new_lab/lab5_1/lab5_1.srcs/sources_1/new/mux3.v">
      <FileInfo>
        <Attr Name="ImportPath" Val="$PPRDIR/../lab5_1/lab5_1.srcs/sources_1/new/mux3.v"/>
        <Attr Name="ImportTime" Val="1622625319"/>
        <Attr Name="UsedIn" Val="synthesis"/>
        <Attr Name="UsedIn" Val="implementation"/>
        <Attr Name="UsedIn" Val="simulation"/>
      </FileInfo>
    </File>
    <File Path="$PSRCDIR/sources_1/imports/ubuntu/new_lab/lab5_1/lab5_1.srcs/sources_1/new/pdu.v">
      <FileInfo>
        <Attr Name="ImportPath" Val="$PPRDIR/../lab5_1/lab5_1.srcs/sources_1/new/pdu.v"/>
        <Attr Name="ImportTime" Val="1622560051"/>
        <Attr Name="UsedIn" Val="synthesis"/>
        <Attr Name="UsedIn" Val="implementation"/>
        <Attr Name="UsedIn" Val="simulation"/>
      </FileInfo>
    </File>
    <File Path="$PSRCDIR/sources_1/imports/ubuntu/new_lab/lab5_1/lab5_1.srcs/sources_1/new/program_counter.v">
      <FileInfo>
        <Attr Name="ImportPath" Val="$PPRDIR/../lab5_1/lab5_1.srcs/sources_1/new/program_counter.v"/>
        <Attr Name="ImportTime" Val="1651751463"/>
        <Attr Name="UsedIn" Val="synthesis"/>
        <Attr Name="UsedIn" Val="implementation"/>
        <Attr Name="UsedIn" Val="simulation"/>
      </FileInfo>
    </File>
    <File Path="$PSRCDIR/sources_1/imports/ubuntu/new_lab/lab5_1/lab5_1.srcs/sources_1/new/regfile.v">
      <FileInfo>
        <Attr Name="ImportPath" Val="$PPRDIR/../lab5_1/lab5_1.srcs/sources_1/new/regfile.v"/>
        <Attr Name="ImportTime" Val="1622621657"/>
        <Attr Name="UsedIn" Val="synthesis"/>
        <Attr Name="UsedIn" Val="implementation"/>
        <Attr Name="UsedIn" Val="simulation"/>
      </FileInfo>
    </File>
    <File Path="$PSRCDIR/sources_1/imports/ubuntu/new_lab/lab5_1/lab5_1.srcs/sources_1/new/register.v">
      <FileInfo>
        <Attr Name="ImportPath" Val="$PPRDIR/../lab5_1/lab5_1.srcs/sources_1/new/register.v"/>
        <Attr Name="ImportTime" Val="1651477961"/>
        <Attr Name="UsedIn" Val="synthesis"/>
        <Attr Name="UsedIn" Val="implementation"/>
        <Attr Name="UsedIn" Val="simulation"/>
      </FileInfo>
    </File>
    <File Path="$PSRCDIR/sources_1/imports/ubuntu/new_lab/lab5_1/lab5_1.srcs/sources_1/new/shift_left.v">
      <FileInfo>
        <Attr Name="ImportPath" Val="$PPRDIR/../lab5_1/lab5_1.srcs/sources_1/new/shift_left.v"/>
        <Attr Name="ImportTime" Val="1622560031"/>
        <Attr Name="UsedIn" Val="synthesis"/>
        <Attr Name="UsedIn" Val="implementation"/>
        <Attr Name="UsedIn" Val="simulation"/>
      </FileInfo>
    </File>
    <File Path="$PSRCDIR/sources_1/imports/ubuntu/new_lab/lab5_1/lab5_1.srcs/sources_1/new/top.v">
      <FileInfo>
        <Attr Name="ImportPath" Val="$PPRDIR/../lab5_1/lab5_1.srcs/sources_1/new/top.v"/>
        <Attr Name="ImportTime" Val="1651762974"/>
        <Attr Name="UsedIn" Val="synthesis"/>
        <Attr Name="UsedIn" Val="implementation"/>
        <Attr Name="UsedIn" Val="simulation"/>
      </FileInfo>
    </File>
    <File Path="$PSRCDIR/sources_1/imports/ubuntu/new_lab/lab5_1/hazard_test.coe">
      <FileInfo>
        <Attr Name="ImportPath" Val="$PPRDIR/../lab5_1/hazard_test.coe"/>
        <Attr Name="ImportTime" Val="1622619966"/>
        <Attr Name="UsedIn" Val="synthesis"/>
        <Attr Name="UsedIn" Val="simulation"/>
      </FileInfo>
    </File>
    <File Path="$PSRCDIR/sources_1/imports/ubuntu/new_lab/lab5_1/D_MEM.coe">
      <FileInfo>
        <Attr Name="ImportPath" Val="$PPRDIR/../lab5_1/D_MEM.coe"/>
        <Attr Name="ImportTime" Val="1651569012"/>
        <Attr Name="UsedIn" Val="synthesis"/>
        <Attr Name="UsedIn" Val="simulation"/>
      </FileInfo>
    </File>
    <File Path="$PSRCDIR/sources_1/imports/ubuntu/桌面/data_harzard_test.coe">
      <FileInfo>
        <Attr Name="ImportPath" Val="$PPRDIR/../../桌面/data_harzard_test.coe"/>
        <Attr Name="ImportTime" Val="1651569719"/>
        <Attr Name="UsedIn" Val="synthesis"/>
        <Attr Name="UsedIn" Val="simulation"/>
      </FileInfo>
    </File>
    <File Path="$PSRCDIR/sources_1/imports/ubuntu/桌面/test1.coe">
      <FileInfo>
        <Attr Name="ImportPath" Val="$PPRDIR/../../桌面/test1.coe"/>
        <Attr Name="ImportTime" Val="1651570945"/>
        <Attr Name="UsedIn" Val="synthesis"/>
        <Attr Name="UsedIn" Val="simulation"/>
      </FileInfo>
    </File>
    <File Path="$PSRCDIR/sources_1/imports/ubuntu/桌面/hazard.coe">
      <FileInfo>
        <Attr Name="ImportPath" Val="$PPRDIR/../../桌面/hazard.coe"/>
        <Attr Name="ImportTime" Val="1651574277"/>
        <Attr Name="UsedIn" Val="synthesis"/>
        <Attr Name="UsedIn" Val="simulation"/>
      </FileInfo>
    </File>
    <File Path="$PPRDIR/../../桌面/fib.coe">
      <FileInfo>
        <Attr Name="UsedIn" Val="synthesis"/>
        <Attr Name="UsedIn" Val="simulation"/>
      </FileInfo>
    </File>
    <Config>
      <Option Name="DesignMode" Val="RTL"/>
      <Option Name="TopModule" Val="top"/>
      <Option Name="TopAutoSet" Val="TRUE"/>
    </Config>
  </FileSet>
  <FileSet Name="constrs_in" Type="Constrs" RelSrcDir="$PSRCDIR/constrs_1">
    <Filter Type="Constrs"/>
    <File Path="$PSRCDIR/constrs_1/imports/new/top_cons.xdc">
      <FileInfo>
        <Attr Name="ImportPath" Val="$PPRDIR/../lab5_1/lab5_1.srcs/constrs_1/new/top_cons.xdc"/>
        <Attr Name="ImportTime" Val="1622635151"/>
        <Attr Name="UsedIn" Val="synthesis"/>
        <Attr Name="UsedIn" Val="implementation"/>
      </FileInfo>
    </File>
    <Config>
      <Option Name="ConstrsType" Val="XDC"/>
    </Config>
  </FileSet>
  <FileSet Name="utils" Type="Utils" RelSrcDir="$PSRCDIR/utils_1">
    <Filter Type="Utils"/>
    <Config>
      <Option Name="TopAutoSet" Val="TRUE"/>
    </Config>
  </FileSet>
  <Strategy Version="1" Minor="2">
    <StratHandle Name="Vivado Implementation Defaults" Flow="Vivado Implementation 2019"/>
    <Step Id="init_design"/>
    <Step Id="opt_design"/>
    <Step Id="power_opt_design"/>
    <Step Id="place_design"/>
    <Step Id="post_place_power_opt_design"/>
    <Step Id="phys_opt_design"/>
    <Step Id="route_design"/>
    <Step Id="post_route_phys_opt_design"/>
    <Step Id="write_bitstream"/>
  </Strategy>
  <BlockFileSet Type="BlockSrcs" Name="mem_data"/>
  <BlockFileSet Type="BlockSrcs" Name="mem_inst"/>
</GenRun>
