<?xml version="1.0"?>
<Runs Version="1" Minor="0">
	<Run Id="mem_data_synth_1" LaunchDir="/home/ubuntu/new_lab/my_lab5/my_lab5.runs/mem_data_synth_1" FlowId="Vivado_Synthesis" FromStepId="vivado" ToStepId="vivado"/>
	<Run Id="synth_1" LaunchDir="/home/ubuntu/new_lab/my_lab5/my_lab5.runs/synth_1" FlowId="Vivado_Synthesis" FromStepId="vivado" ToStepId="vivado">
		<Parent Id="mem_data_synth_1"/>
	</Run>
	<Run Id="impl_1" LaunchDir="/home/ubuntu/new_lab/my_lab5/my_lab5.runs/impl_1" FlowId="Vivado_Implementation" FromStepId="init_design" ToStepId="write_bitstream">
		<Parent Id="synth_1"/>
		<Parent Id="mem_data_synth_1"/>
	</Run>
	<Parameters>
		<Parameter Name="runs.monitorLSFJobs" Val="true" Type="bool"/>
	</Parameters>
</Runs>

