<?xml version="1.0" encoding="UTF-8"?>
<GenRun Id="mem_data_synth_1" LaunchPart="xc7a100tcsg324-1" LaunchTime="1651570129">
  <File Type="PA-TCL" Name="mem_data.tcl"/>
  <File Type="REPORTS-TCL" Name="mem_data_reports.tcl"/>
  <File Type="RDS-RDS" Name="mem_data.vds"/>
  <File Type="RDS-DCP" Name="mem_data.dcp"/>
  <File Type="RDS-UTIL-PB" Name="mem_data_utilization_synth.pb"/>
  <File Type="RDS-UTIL" Name="mem_data_utilization_synth.rpt"/>
  <FileSet Name="sources" Type="BlockSrcs" RelSrcDir="$PSRCDIR/mem_data">
    <File Path="$PSRCDIR/sources_1/ip/mem_data/mem_data.xci">
      <FileInfo>
        <Attr Name="UsedIn" Val="synthesis"/>
        <Attr Name="UsedIn" Val="implementation"/>
        <Attr Name="UsedIn" Val="simulation"/>
      </FileInfo>
    </File>
    <Config>
      <Option Name="TopModule" Val="mem_data"/>
      <Option Name="UseBlackboxStub" Val="1"/>
    </Config>
  </FileSet>
  <FileSet Name="constrs_in" Type="BlockSrcs" RelSrcDir="$PSRCDIR/mem_data">
    <File Path="$PSRCDIR/sources_1/ip/mem_data/mem_data.xci">
      <FileInfo>
        <Attr Name="UsedIn" Val="synthesis"/>
        <Attr Name="UsedIn" Val="implementation"/>
        <Attr Name="UsedIn" Val="simulation"/>
      </FileInfo>
    </File>
    <Config>
      <Option Name="TopModule" Val="mem_data"/>
      <Option Name="UseBlackboxStub" Val="1"/>
    </Config>
  </FileSet>
  <FileSet Name="utils" Type="Utils" RelSrcDir="$PSRCDIR/utils_1">
    <Filter Type="Utils"/>
    <Config>
      <Option Name="TopAutoSet" Val="TRUE"/>
    </Config>
  </FileSet>
  <Strategy Version="1" Minor="2">
    <StratHandle Name="Vivado Synthesis Defaults" Flow="Vivado Synthesis 2019"/>
    <Step Id="synth_design"/>
  </Strategy>
</GenRun>
