<?xml version="1.0" encoding="UTF-8"?>
<GenRun Id="mem_inst_synth_1" LaunchPart="xc7a100tcsg324-1" LaunchTime="1651857412">
  <File Type="VDS-TIMING-PB" Name="mem_inst_timing_summary_synth.pb"/>
  <File Type="VDS-TIMINGSUMMARY" Name="mem_inst_timing_summary_synth.rpt"/>
  <File Type="RDS-DCP" Name="mem_inst.dcp"/>
  <File Type="RDS-UTIL-PB" Name="mem_inst_utilization_synth.pb"/>
  <File Type="RDS-UTIL" Name="mem_inst_utilization_synth.rpt"/>
  <File Type="RDS-PROPCONSTRS" Name="mem_inst_drc_synth.rpt"/>
  <File Type="RDS-RDS" Name="mem_inst.vds"/>
  <File Type="REPORTS-TCL" Name="mem_inst_reports.tcl"/>
  <File Type="PA-TCL" Name="mem_inst.tcl"/>
  <FileSet Name="sources" Type="BlockSrcs" RelSrcDir="$PSRCDIR/mem_inst">
    <File Path="$PSRCDIR/sources_1/ip/mem_inst/mem_inst.xci">
      <FileInfo>
        <Attr Name="UsedIn" Val="synthesis"/>
        <Attr Name="UsedIn" Val="implementation"/>
        <Attr Name="UsedIn" Val="simulation"/>
      </FileInfo>
    </File>
    <Config>
      <Option Name="TopModule" Val="mem_inst"/>
      <Option Name="UseBlackboxStub" Val="1"/>
    </Config>
  </FileSet>
  <FileSet Name="constrs_in" Type="BlockSrcs" RelSrcDir="$PSRCDIR/mem_inst">
    <File Path="$PSRCDIR/sources_1/ip/mem_inst/mem_inst.xci">
      <FileInfo>
        <Attr Name="UsedIn" Val="synthesis"/>
        <Attr Name="UsedIn" Val="implementation"/>
        <Attr Name="UsedIn" Val="simulation"/>
      </FileInfo>
    </File>
    <Config>
      <Option Name="TopModule" Val="mem_inst"/>
      <Option Name="UseBlackboxStub" Val="1"/>
    </Config>
  </FileSet>
  <FileSet Name="utils" Type="Utils" RelSrcDir="$PSRCDIR/utils_1">
    <Filter Type="Utils"/>
    <Config>
      <Option Name="TopAutoSet" Val="TRUE"/>
    </Config>
  </FileSet>
  <Strategy Version="1" Minor="2">
    <StratHandle Name="Vivado Synthesis Defaults" Flow="Vivado Synthesis 2019"/>
    <Step Id="synth_design"/>
  </Strategy>
</GenRun>
